{"nodes":{"node:1":{"location":{"x":-348,"y":220}},"node:13":{"location":{"x":-348,"y":520}},"node:15":{"location":{"x":-348,"y":620}},"node:21":{"location":{"x":-348,"y":720}},"node:5":{"location":{"x":-348,"y":320}},"node:7":{"location":{"x":-348,"y":420}}},"selection":null,"view":{"scroll":{"x":-716.51055908203125,"y":254.468917846679688},"visible_rect":{"max":{"x":1327.3194580078125,"y":779.2919921875},"min":{"x":-955.3475341796875,"y":339.29193115234375}},"zoom":0.749999880790710449}}