{"nodes":{"node:1":{"location":{"x":-1190,"y":-800}},"node:4":{"location":{"x":-604,"y":-1007}},"node:9":{"location":{"x":-834,"y":-836}}},"selection":null,"view":{"scroll":{"x":-1095.906494140625,"y":-529.7149658203125},"visible_rect":{"max":{"x":1232.18701171875,"y":-399.429931640625},"min":{"x":-2191.81298828125,"y":-1059.429931640625}},"zoom":0.5}}