{"nodes":{"node:1":{"location":{"x":-866,"y":-804}},"node:3":{"location":{"x":-977,"y":-643}},"node:5":{"location":{"x":-1078,"y":-992}},"node:8":{"location":{"x":-206,"y":-983}}},"selection":null,"view":{"scroll":{"x":-1095.906494140625,"y":-529.7149658203125},"visible_rect":{"max":{"x":1232.18701171875,"y":-399.429931640625},"min":{"x":-2191.81298828125,"y":-1059.429931640625}},"zoom":0.5}}